Data;Serie;Trend;Stag;Res
01/01/2015;-0.69;0.531593713;-0.13815008;-1.083443633
02/01/2015;-1.925416667;0.532070975;-1.4186591;-1.038828541
03/01/2015;-1.42;0.532548236;-1.116390342;-0.836157894
04/01/2015;-1.3075;0.533025498;-0.99842714;-0.842098358
05/01/2015;-0.7925;0.533502759;0.017591618;-1.343594377
06/01/2015;-1.492083333;0.533980021;0.940415932;-2.966479286
07/01/2015;-4.5725;0.534457282;0.693795801;-5.800753083
08/01/2015;-3.293333333;0.534934544;1.741064559;-5.569332436
09/01/2015;-2.280833333;0.535411805;0.408055539;-3.224300677
10/01/2015;-3.662916667;0.535889067;-1.319953481;-2.878852252
11/01/2015;-1.64875;0.536366328;1.356620833;-3.541737161
12/01/2015;-2.328333333;0.53684359;0.577639591;-3.442816514
13/01/2015;-2.352916667;0.537320851;1.315186126;-4.205423644
14/01/2015;-1.01625;0.537798113;1.374538218;-2.92858633
15/01/2015;-0.79125;0.538275374;3.530973642;-4.860499016
16/01/2015;-0.723333333;0.538752636;1.611159067;-2.873245036
17/01/2015;-0.93125;0.539229897;0.039261158;-1.509741055
18/01/2015;-2.479166667;0.539707158;2.015279916;-5.034153741
19/01/2015;-0.855416667;0.54018442;5.147270896;-6.542871983
20/01/2015;-0.8925;0.540661681;4.464122988;-5.897284669
21/01/2015;-0.97;0.541138943;4.541669523;-6.052808466
22/01/2015;-0.575833333;0.541616204;5.381911279;-6.499360817
23/01/2015;-0.374583333;0.542093466;2.523125257;-3.439802057
24/01/2015;-1.232083333;0.542570727;1.109478124;-2.884132185
25/01/2015;-1.646666667;0.543047989;1.256525436;-3.446240091
26/01/2015;-0.99875;0.54352525;4.938433858;-6.480709109
27/01/2015;-0.709583333;0.544002512;6.056175614;-7.30976146
28/01/2015;-1.135416667;0.544479773;4.674611815;-6.354508255
29/01/2015;-0.4375;0.544957035;1.756936904;-2.739393939
30/01/2015;-0.16625;0.545434296;0.361623104;-1.073307401
31/01/2015;-1.467083333;0.545911558;-0.896190695;-1.116804196
01/02/2015;0.06125;0.546388819;-0.531226717;0.046087898
02/02/2015;0.260833333;0.546866081;0.207209483;-0.493242231
03/02/2015;0.5575;0.547343342;0.799256795;-0.789100137
04/02/2015;1.400416667;0.547820604;1.234915217;-0.382319154
05/02/2015;0.647916667;0.548297865;1.030434751;-0.930815949
06/02/2015;1.390833333;0.548775127;0.579843174;0.262215033
07/02/2015;-0.407916667;0.549252388;-0.420887293;-0.536281762
08/02/2015;-0.46;0.54972965;0.468660019;-1.478389668
09/02/2015;4.529166667;0.550206911;1.622096219;2.356863536
10/02/2015;3.725416667;0.550684173;1.376921308;1.797811186
11/02/2015;1.070416667;0.551161434;0.908101451;-0.388846218
12/02/2015;0.035;0.551638696;0.496087149;-1.012725844
13/02/2015;-0.987916667;0.552115957;-0.606482709;-0.933549915
14/02/2015;-0.225416667;0.552593219;-0.5573859;-0.220623985
15/02/2015;-0.593333333;0.55307048;-0.35217798;-0.794225834
16/02/2015;-0.203333333;0.553547742;0.384002163;-1.140883238
17/02/2015;-0.099166667;0.554025003;-0.015928806;-0.637262864
18/02/2015;0.778333333;0.554502265;0.406501336;-0.182670268
19/02/2015;-0.96875;0.554979526;0.230598145;-1.754327671
20/02/2015;-0.584583333;0.555456787;-0.317943934;-0.822096186
21/02/2015;-0.26875;0.555934049;-0.216763792;-0.607920257
22/02/2015;1.419583333;0.55641131;-0.292111427;1.15528345
23/02/2015;-0.955833333;0.556888572;-0.294959063;-1.217762843
24/02/2015;-0.165833333;0.557365833;0.225248857;-0.948448024
25/02/2015;0.26875;0.557843095;-0.004821;-0.284272095
26/02/2015;-0.83125;0.557490611;-0.438767627;-0.949972984
27/02/2015;-0.19;0.557138128;-0.603408699;-0.143729429
28/02/2015;-0.972083333;0.556785644;-1.173188659;-0.355680318
01/03/2015;-0.9075;0.55643316;-0.755607508;-0.708325652
02/03/2015;1.320833333;0.556080677;0.428362531;0.336390126
03/03/2015;1.080833333;0.555728193;0.274832571;0.25027257
04/03/2015;-0.222083333;0.555375709;-0.201475167;-0.575983875
05/03/2015;1.499583333;0.555023226;0.78902265;0.155537458
06/03/2015;2.25125;0.554670742;0.512437134;1.184142124
07/03/2015;3.30125;0.554318258;0.687518285;2.059413457
08/03/2015;8.008333333;0.553965775;2.237460547;5.216907012
09/03/2015;-0.6775;0.553613291;-0.517319414;-0.713793877
10/03/2015;-0.649583333;0.553260807;0.167622848;-1.370466989
11/03/2015;0.769583333;0.552908324;0.24631511;-0.0296401
12/03/2015;4.65;0.55255584;1.503201816;2.594242344
13/03/2015;1.684583333;0.552203356;0.740782967;0.39159701
14/03/2015;-0.734583333;0.551850873;-1.008302549;-0.278131657
15/03/2015;2.257083333;0.551498389;0.171639713;1.533945232
16/03/2015;1.292083333;0.551145905;-0.046751359;0.787688787
17/03/2015;0.4075;0.550793421;-0.650281319;0.506987898
18/03/2015;-0.78125;0.550440938;-0.914419657;-0.417271281
19/03/2015;-0.912083333;0.550088454;-1.483557995;0.021386207
20/03/2015;4.72125;0.54973597;1.029803667;3.141710362
21/03/2015;1.59375;0.549383487;-0.386279115;1.430645628
22/03/2015;2.972083333;0.549031003;0.443471436;1.979580894
23/03/2015;-0.759583333;0.548678519;-0.859000235;-0.449261618
24/03/2015;-0.15;0.548326036;-0.822027462;0.123701426
25/03/2015;3.777083333;0.547973552;0.648973089;2.580136692
26/03/2015;0.570416667;0.547621068;-0.564470804;0.587266403
27/03/2015;1.865833333;0.547268585;-0.452359142;1.770923891
28/03/2015;8.129166667;0.546916101;1.837632955;5.744617611
29/03/2015;3.275217391;0.546563617;0.146453554;2.58220022
30/03/2015;2.110416667;0.546211134;-0.180746378;1.744951911
31/03/2015;2.167916667;0.54585865;-0.248079161;1.870137177
01/04/2015;3.53625;0.545506166;0.629726946;2.361016888
02/04/2015;-0.5025;0.545153683;-0.616078059;-0.431575624
03/04/2015;3.350416667;0.544801199;0.340408187;2.465207281
04/04/2015;0.739583333;0.544448715;-0.423910012;0.61904463
05/04/2015;1.894583333;0.544096232;-0.001008767;1.351495868
06/04/2015;10.20125;0.543743748;2.700397618;6.957108634
07/04/2015;8.61875;0.543391264;2.231643107;5.843715628
08/04/2015;8.67875;0.543038781;2.039248874;6.096462345
09/04/2015;3.731666667;0.542686297;0.386152141;2.802828228
10/04/2015;-0.668333333;0.542333813;-1.08266598;-0.128001166
11/04/2015;1.666666667;0.54198133;0.223354926;0.901330411
12/04/2015;0.211666667;0.541628846;-0.797649724;0.467687544
13/04/2015;-0.375833333;0.541276362;-1.083717707;0.166608011
14/04/2015;-0.097916667;0.540923879;-1.067676523;0.428835977
15/04/2015;1.1275;0.540571395;-0.122207422;0.709136027
16/04/2015;0.634166667;0.540218911;-1.124696239;1.218643994
17/04/2015;2.605416667;0.539866428;0.013697584;2.051852655
18/04/2015;1.092916667;0.539513944;-0.804979565;1.358382288
19/04/2015;0.389166667;0.53916146;-1.51144852;1.361453727
20/04/2015;-3.172083333;0.538808977;-2.395629281;-1.315263029
21/04/2015;1.5925;0.538456493;-1.171734347;2.225777854
22/04/2015;-1.98375;0.537939949;-1.811530291;-0.710159658
23/04/2015;0.837083333;0.537423404;-2.023040957;2.322700886
24/04/2015;-1.22625;0.53690686;-1.804363289;0.04120643
25/04/2015;-0.43375;0.536390315;-1.635086733;0.664946418
26/04/2015;-0.310416667;0.535873771;-1.273338371;0.427047933
27/04/2015;1.86625;0.535357227;-0.401138204;1.732030977
28/04/2015;2.538333333;0.534840682;-0.27021137;2.273704021
29/04/2015;-2.092083333;0.534324138;-1.601308563;-1.025098908
30/04/2015;-0.097916667;0.533807594;-1.406952424;0.775228164
01/05/2015;0.414166667;0.533291049;-1.446150173;1.32702579
02/05/2015;1.784583333;0.532774505;-0.368232089;1.620040917
03/05/2015;0.165416667;0.53225796;-0.332677999;-0.034163295
04/05/2015;1.055;0.531741416;0.441417879;0.081840705
05/05/2015;1.729166667;0.531224872;1.185722089;0.012219706
06/05/2015;2.64375;0.530708327;1.105442966;1.007598707
07/05/2015;1.097916667;0.530191783;-0.590252823;1.157977707
08/05/2015;0.074583333;0.529675239;-1.72449028;1.269398374
09/05/2015;0.434583333;0.529158694;-2.203936069;2.109360708
10/05/2015;-0.4925;0.52864215;-2.225048525;1.203906376
11/05/2015;1.54125;0.528125605;-0.784910982;1.798035376
12/05/2015;0.600416667;0.527609061;-1.020108732;1.092916338
13/05/2015;0.795416667;0.527092517;-1.304264815;1.572588966
14/05/2015;3.595833333;0.526575972;1.378454101;1.69080326
15/05/2015;2.215;0.526059428;0.476589684;1.212350888
16/05/2015;0.067083333;0.525542883;-1.072149733;0.613690183
17/05/2015;-0.712083333;0.525026339;-1.402347483;0.165237811
18/05/2015;-0.119583333;0.524509795;-2.6554619;2.011368772
19/05/2015;-0.14;0.52399325;-2.465867984;1.801874734
20/05/2015;1.615;0.523476706;-1.808149068;2.899672362
21/05/2015;0.699583333;0.522960162;0.241444849;-0.064821677
22/05/2015;1.64625;0.522443617;0.285830432;0.837975951
23/05/2015;-0.17375;0.521927073;-1.537908985;0.842231912
24/05/2015;-0.929166667;0.521410528;-2.974565069;1.523987874
25/05/2015;-1.420833333;0.520893984;-1.257262819;-0.684464498
26/05/2015;-0.961666667;0.52037744;-0.541002236;-0.94104187
27/05/2015;1.157083333;0.519860895;-0.970991653;1.608214091
28/05/2015;3.335;0.519344351;-2.909522737;5.725178386
29/05/2015;-0.549583333;0.518827806;-3.918470487;2.850059347
30/05/2015;2.665833333;0.518311262;-1.045543237;3.193065309
31/05/2015;-1.300833333;0.517794718;-3.525949321;1.70732127
01/06/2015;-1.0975;0.517278173;-3.564480405;1.949702231
02/06/2015;-1.085833333;0.516761629;-4.714469822;3.111874859
03/06/2015;-0.877916667;0.516245085;-3.394459238;2.000297487
04/06/2015;0.191666667;0.51572854;-3.000906989;2.676845115
05/06/2015;0.045833333;0.515211996;-3.659229739;3.189851077
06/06/2015;-1.867916667;0.514695451;-5.822135823;3.439523705
07/06/2015;-0.735416667;0.514178907;-5.618583573;4.368987999
08/06/2015;-0.285;0.513662363;-2.641489657;1.842827294
09/06/2015;-0.47375;0.513145818;-3.35314574;2.366249922
10/06/2015;-0.388333333;0.512629274;-3.903760157;3.00279755
11/06/2015;-0.64875;0.512112729;-5.169999574;4.009136845
12/06/2015;0.220416667;0.511596185;-5.341238991;5.050059473
13/06/2015;3.511666667;0.511079641;-1.575603408;4.576190434
14/06/2015;4.934166667;0.510563096;-0.458717825;4.882321396
15/06/2015;-0.402916667;0.510046552;-1.697873909;0.78491069
16/06/2015;-1.253333333;0.509653823;-1.65022326;-0.112763896
17/06/2015;-1.670833333;0.509261093;-2.347155945;0.167061518
18/06/2015;-1.23125;0.508868364;-1.527213629;-0.212904735
19/06/2015;-1.283333333;0.508475635;-1.246854647;-0.544954321
20/06/2015;-1.9525;0.508082906;-5.392953998;2.932371093
21/06/2015;-1.80125;0.507690176;-4.701970016;2.39302984
22/06/2015;-0.5925;0.507297447;-1.738069368;0.63827192
23/06/2015;1.019583333;0.506904718;-0.265210385;0.777889001
24/06/2015;-0.10125;0.506511989;-0.46339307;-0.144368919
25/06/2015;0.725;0.506119259;-0.401784088;0.620664829
26/06/2015;1.207083333;0.50572653;0.418783227;0.282573576
27/06/2015;1.11875;0.505333801;0.153100543;0.460315656
28/06/2015;-0.18125;0.504941072;-2.893832142;2.20764107
29/06/2015;-0.0125;0.504548342;-0.373681493;-0.143366849
30/06/2015;0.137083333;0.504155613;0.089177489;-0.456249769
01/07/2015;0.457916667;0.503762884;-0.101505196;0.055658978
02/07/2015;1.759583333;0.503370155;0.729478787;0.526734392
03/07/2015;1.4925;0.502977425;0.396296102;0.593226473
04/07/2015;0.297083333;0.502584696;-0.115219916;-0.090281447
05/07/2015;0.43125;0.502191967;-0.184860934;0.113918967
06/07/2015;3.604166667;0.501799238;1.434224955;1.668142474
07/07/2015;5.492916667;0.501406508;2.37747751;2.614032648
08/07/2015;4.730833333;0.501013779;1.918021732;2.311797822
09/07/2015;3.52375;0.50062105;0.90523262;2.11789633
10/07/2015;1.964583333;0.500228321;0.183485175;1.280869837
11/07/2015;-0.6625;0.499835591;-0.865345603;-0.296989989
12/07/2015;-0.569166667;0.499442862;-1.204384714;0.135775185
13/07/2015;1.432916667;0.499050133;0.280742841;0.653123693
14/07/2015;2.334166667;0.498657404;2.801287063;-0.9657778
15/07/2015;5.840833333;0.498264674;2.758706284;2.583862374
16/07/2015;2.326666667;0.497871945;1.45820884;0.370585882
17/07/2015;2.980416667;0.497479216;1.219794728;1.263142723
18/07/2015;-0.047083333;0.497086487;-1.005494383;0.461324563
19/07/2015;-0.236666667;0.496693757;-1.072866828;0.339506404
20/07/2015;3.214166667;0.496301028;0.961010727;1.756854911
21/07/2015;5.024583333;0.495908299;2.209888282;2.318786752
22/07/2015;5.68;0.49551557;2.783349171;2.40113526
23/07/2015;1.547916667;0.49512284;0.485351726;0.5674421
24/07/2015;-0.38;0.494730111;-0.495979052;-0.378751059
25/07/2015;-0.182916667;0.494337382;-1.406268164;0.729014115
26/07/2015;-0.61;0.493944653;-1.328848942;0.224904289
27/07/2015;3.771666667;0.493551923;1.31482028;1.963294463
28/07/2015;4.855;0.493159194;1.905781168;2.456059637
29/07/2015;2.810416667;0.492766465;1.06945039;1.248199811
30/07/2015;2.25375;0.492373736;0.461036279;1.300339986
31/07/2015;-0.007916667;0.491981006;-1.054669499;0.554771826
01/08/2015;-0.800833333;0.491588277;-2.073916944;0.781495334
02/08/2015;-0.548333333;0.491195548;-1.732122722;0.692593841
03/08/2015;-0.486666667;0.490802819;-1.042203501;0.064734015
04/08/2015;0.090833333;0.49041009;-0.544575945;0.144999189
05/08/2015;-1.19;0.49001736;-1.433615057;-0.246402303
06/08/2015;-0.023333333;0.489624631;-0.908279168;0.395321204
07/08/2015;-0.37375;0.489231902;-1.038776613;0.175794712
08/08/2015;-0.961666667;0.488839173;-1.458440725;0.007934886
09/08/2015;-1.156666667;0.488446443;-1.386021503;-0.259091607
10/08/2015;-0.765;0.486031629;-1.313839604;0.062807975
11/08/2015;-1.517916667;0.483616815;-1.808741038;-0.192792444
12/08/2015;-1.580416667;0.481202001;-2.15280914;0.091190471
13/08/2015;-1.545416667;0.478787188;-2.055627241;0.031423386
14/08/2015;-0.865833333;0.476372374;-1.511570342;0.169364635
15/08/2015;-0.919583333;0.47395756;-1.49855511;0.105014216
16/08/2015;-1.003333333;0.471542746;-1.736581544;0.261705465
17/08/2015;-1.65625;0.469127932;-1.173149645;-0.952228287
18/08/2015;-2.649166667;0.466713118;-1.81992608;-1.295953705
19/08/2015;-3.415;0.464298304;-2.362327514;-1.51697079
20/08/2015;-4.718333333;0.46188349;-3.795562282;-1.384654542
21/08/2015;-4.23625;0.459468676;-3.551297049;-1.144421627
22/08/2015;-6.716666667;0.457053862;-5.220156817;-1.953563712
23/08/2015;-2.750833333;0.454639048;-2.804224918;-0.401247463
24/08/2015;-1.85875;0.452224234;-2.042876353;-0.268097882
25/08/2015;-0.900833333;0.44980942;-0.583611121;-0.767031633
26/08/2015;-1.5975;0.447394607;-0.999970888;-1.044923718
27/08/2015;-3.08625;0.444979793;-2.195288989;-1.335940803
28/08/2015;-2.555416667;0.442564979;-2.168523757;-0.829457888
29/08/2015;-1.47625;0.440150165;-1.792383525;-0.12401664
30/08/2015;-0.709583333;0.437735351;-1.483039216;0.335720532
31/08/2015;-0.342916667;0.435320537;-0.472653241;-0.305583962
01/09/2015;0.63625;0.432905723;-0.2074756;0.410819877
02/09/2015;1.622083333;0.430490909;-0.070839624;1.262432049
03/09/2015;0.727916667;0.428076095;-0.124620316;0.424460887
04/09/2015;0.225833333;0.425661281;-0.112151007;-0.08767694
05/09/2015;0.156666667;0.423246467;-0.775723366;0.509143565
06/09/2015;-0.994166667;0.420831653;-1.533254057;0.118255737
07/09/2015;-0.027916667;0.418416839;-0.275784749;-0.170548757
08/09/2015;0.108333333;0.416002026;0.718142893;-1.025811585
09/09/2015;-0.469583333;0.413587212;0.385612202;-1.268782747
10/09/2015;-0.095;0.411172398;-0.30066849;-0.205503908
11/09/2015;0.120416667;0.408757584;-0.236532515;-0.051808402
12/09/2015;-0.545;0.40634277;-1.37427154;0.42292877
13/09/2015;-0.653333333;0.403927956;-1.545552231;0.488290942
14/09/2015;0.825833333;0.401513142;-0.440791256;0.865111447
15/09/2015;1.215833333;0.399098328;-0.468946948;1.285681953
16/09/2015;0.774166667;0.396683514;-0.649810972;1.027294125
17/09/2015;2.001666667;0.3942687;0.083075003;1.524322964
18/09/2015;0.8025;0.391853886;-0.251539022;0.662185136
19/09/2015;-0.762916667;0.389439072;-1.881569714;0.729213975
20/09/2015;-0.620416667;0.387024258;-0.959100405;-0.04834052
21/09/2015;1.242083333;0.384609445;0.29628557;0.561188319
22/09/2015;-0.159130435;0.379779817;-0.345007697;-0.193902554
23/09/2015;1.002083333;0.377365003;0.331193495;0.293524835
24/09/2015;-0.438333333;0.374950189;-0.477587196;-0.335696326
25/09/2015;-0.155;0.372535375;-0.342826221;-0.184709154
26/09/2015;-0.9775;0.370120561;-1.910356912;0.562736351
27/09/2015;-1.172083333;0.367705747;-0.870804271;-0.66898481
28/09/2015;-0.106666667;0.365290933;-0.317084962;-0.154872638
29/09/2015;0.0675;0.362876119;0.016426013;-0.311802132
30/09/2015;-0.102083333;0.360461305;-0.328604679;-0.13393996
01/10/2015;0.844166667;0.358046491;0.482197963;0.003922212
02/10/2015;0.54125;0.355631677;-0.095332728;0.280951051
03/10/2015;-0.915;0.347838605;-0.8221974;-0.440641205
04/10/2015;-1.003333333;0.340045533;-0.163437072;-1.179941795
05/10/2015;-0.589583333;0.332252461;-0.522176744;-0.399659051
06/10/2015;0.687083333;0.324459389;0.226583584;0.13604036
07/10/2015;0.523333333;0.316666318;-0.175697755;0.382364771
08/10/2015;-0.279583333;0.308873246;1.72597924;-2.314435818
09/10/2015;-0.16875;0.301080174;-0.408593766;-0.061236408
10/10/2015;-0.905833333;0.293287102;-0.563375104;-0.63574533
11/10/2015;-1.254583333;0.28549403;1.341635224;-2.881712586
12/10/2015;-2.167083333;0.277700958;3.068103885;-5.512888176
13/10/2015;0.125833333;0.269907886;3.63665588;-3.780730432
14/10/2015;0.976666667;0.262114814;4.084166208;-3.369614354
15/10/2015;0.920833333;0.254321742;4.054801536;-3.388289944
16/10/2015;0.159166667;0.24652867;-0.09914647;0.011784467
17/10/2015;-1.40375;0.238735598;-1.249344475;-0.393141122
18/10/2015;-1.395416667;0.230942526;0.344207519;-1.970566712
19/10/2015;-0.311666667;0.223149454;2.813176181;-3.347992301
20/10/2015;0.085416667;0.215356382;3.753394842;-3.883334557
21/10/2015;-0.115;0.20756331;4.741738503;-5.064301813
22/10/2015;1.766666667;0.199770238;3.892790498;-2.325894069
23/10/2015;2.231666667;0.191977166;0.833123673;1.206565828
24/10/2015;-1.477083333;0.184184094;-1.039668153;-0.621599274
25/10/2015;-1.382;0.176391022;1.307373355;-2.865764377
26/10/2015;-0.43;0.16859795;3.180789863;-3.779387813
27/10/2015;0.221666667;0.160804878;1.815289705;-1.754427916
28/10/2015;1.522916667;0.153011806;3.025414546;-1.655509685
29/10/2015;0.760833333;0.145218734;1.520956054;-0.905341454
30/10/2015;-0.329583333;0.137425662;-0.681419105;0.21441011
31/10/2015;-0.934166667;0.12963259;-1.406669263;0.342870007
01/11/2015;-0.7725;0.121839518;-1.216377755;0.322038238
02/11/2015;0.469583333;0.114046446;-0.162919581;0.518456468
03/11/2015;-0.222916667;0.106253374;1.626580261;-1.955750301
04/11/2015;0.227083333;0.098460302;1.551288435;-1.422665404
05/11/2015;0.722916667;0.09066723;2.148913277;-1.51666384
06/11/2015;0.787083333;0.082874158;1.320288118;-0.616078942
07/11/2015;-0.384166667;0.075081086;0.339579626;-0.798827378
08/11/2015;-1.712916667;0.067288014;3.776162801;-5.556367481
09/11/2015;0.798333333;0.059494942;3.489204309;-2.750365917
10/11/2015;2.195416667;0.05170187;4.827037483;-2.683322686
11/11/2015;2.096666667;0.043908798;4.910495658;-2.857737789
12/11/2015;2.414583333;0.036115726;3.420828833;-1.042361225
13/11/2015;2.8925;0.028322654;2.229912007;0.634265339
14/11/2015;0.187083333;0.020529582;-0.307463151;0.474016903
15/11/2015;-0.771666667;0.01273651;2.652245023;-3.4366482
16/11/2015;-0.09;0.004943438;1.648203198;-1.743146636
17/11/2015;2.356666667;-0.002849634;1.166036373;1.193479928
18/11/2015;5.600416667;-0.010642706;2.829077881;2.781981492
19/11/2015;0.649166667;-0.018435778;0.641494389;0.026108056
20/11/2015;7.115416667;-0.02622885;3.210577563;3.931067953
21/11/2015;2.614583333;-0.034021922;0.948410738;1.700194517
22/11/2015;0.726666667;-0.041814994;0.042910579;0.725571081
23/11/2015;0.594583333;-0.049608066;0.360743754;0.283447645
24/11/2015;0.495416667;-0.057401138;0.347743595;0.205074209
25/11/2015;3.38375;-0.06519421;1.462035103;1.986909107
26/11/2015;2.89875;-0.072987282;1.158409945;1.813327337
27/11/2015;2.635416667;-0.079851922;0.929483375;1.785785214
28/11/2015;0.777916667;-0.086716563;-0.366943194;1.231576424
29/11/2015;-0.507916667;-0.093581203;-0.373578097;-0.040757366
30/11/2015;0.268333333;-0.100445844;2.801037;-2.432257823
01/12/2015;0.6225;-0.107310484;5.933360431;-5.203549947
02/12/2015;1.1275;-0.114175124;2.520683861;-1.279008737
03/12/2015;0.324583333;-0.121039765;2.217173958;-1.77155086
04/12/2015;0.179166667;-0.127904405;-0.171335945;0.478407016
05/12/2015;0.146666667;-0.134769046;-0.227137514;0.508573226
06/12/2015;-0.544166667;-0.141633686;-0.16523075;-0.237302231
07/12/2015;-0.371666667;-0.148498326;0.132301014;-0.355469354
08/12/2015;-0.739583333;-0.155362967;0.383374444;-0.967594811
09/12/2015;0.473333333;-0.162227607;-0.008677125;0.644238066
10/12/2015;3.760416667;-0.169092248;1.898229639;2.031279276
11/12/2015;3.83375;-0.175956888;1.836803069;2.172903819
12/12/2015;0.27;-0.182821528;-0.095456834;0.548278362
13/12/2015;-0.635;-0.189686169;1.029158264;-1.474472095
14/12/2015;1.10625;-0.196550809;2.251273361;-0.948472552
15/12/2015;1.82125;-0.203415449;2.736721791;-0.712056342
16/12/2015;3.48625;-0.21028009;3.616753555;0.079776535
17/12/2015;2.344583333;-0.21714473;2.939815049;-0.378086986
18/12/2015;1.102083333;-0.224009371;1.407876543;-0.081783839
19/12/2015;-0.085416667;-0.230874011;-0.371145296;0.51660264
20/12/2015;-0.484583333;-0.237738651;1.016916198;-1.26376088
21/12/2015;0.21375;-0.244603292;2.996227692;-2.5378744
22/12/2015;1.992916667;-0.251467932;1.588664186;0.655720413
23/12/2015;0.845416667;-0.258332573;0.531517347;0.572231893
24/12/2015;-0.3675;-0.265197213;-0.180004493;0.077701706
25/12/2015;-1.067083333;-0.272061853;-0.801109665;0.006088185
26/12/2015;-1.128333333;-0.278926494;-0.814089838;-0.035317002
27/12/2015;-0.4825;-0.285791134;-0.451236677;0.254527811
28/12/2015;-0.44;-0.292655775;-0.04796685;-0.099377376
29/12/2015;-0.54;-0.299520415;0.509677978;-0.750157563
30/12/2015;-0.600416667;-0.306385055;1.770031138;-2.06406275
31/12/2015;-0.185;-0.313249696;-0.13815008;0.266399776
01/01/2016;-1.168333333;-0.320114336;-1.4186591;0.570440103
02/01/2016;-0.587083333;-0.326978976;-1.116390342;0.856285985
03/01/2016;-0.6625;-0.333843617;-0.99842714;0.669770757
04/01/2016;0.275833333;-0.340708257;0.017591618;0.598949972
05/01/2016;0.72625;-0.347572898;0.940415932;0.133406966
06/01/2016;0.067916667;-0.354437538;0.693795801;-0.271441596
07/01/2016;3.181666667;-0.361302178;1.741064559;1.801904286
08/01/2016;1.305416667;-0.368166819;0.408055539;1.265527946
09/01/2016;0.460833333;-0.375031459;-1.319953481;2.155818273
10/01/2016;1.577083333;-0.3818961;1.356620833;0.6023586
11/01/2016;4.552083333;-0.38876074;0.577639591;4.363204483
12/01/2016;6.471666667;-0.39562538;1.315186126;5.552105921
13/01/2016;4.39875;-0.402490021;1.374538218;3.426701803
14/01/2016;1.794583333;-0.409354661;3.530973642;-1.327035648
15/01/2016;2.815416667;-0.416219302;1.611159067;1.620476901
16/01/2016;0.426666667;-0.423083942;0.039261158;0.81048945
17/01/2016;1.444166667;-0.429948582;2.015279916;-0.141164667
18/01/2016;3.6075;-0.436813223;5.147270896;-1.102957674
19/01/2016;2.1025;-0.443677863;4.464122988;-1.917945124
20/01/2016;2.016666667;-0.450542503;4.541669523;-2.074460353
21/01/2016;2.97375;-0.452662154;5.381911279;-1.955499126
22/01/2016;1.597916667;-0.454781804;2.523125257;-0.470426787
23/01/2016;-0.385416667;-0.456901454;1.109478124;-1.037993337
24/01/2016;-0.602083333;-0.459021104;1.256525436;-1.399587665
25/01/2016;0.905833333;-0.461140754;4.938433858;-3.571459771
26/01/2016;1.029583333;-0.463260404;6.056175614;-4.563331877
27/01/2016;0.8125;-0.465380054;4.674611815;-3.396731761
28/01/2016;1.405;-0.467499704;1.756936904;0.1155628
29/01/2016;1.529583333;-0.469619354;0.361623104;1.637579583
30/01/2016;-0.16375;-0.471739004;-0.896190695;1.204179699
31/01/2016;-0.6475;-0.473858654;-0.531226717;0.357585371
01/02/2016;0.305833333;-0.475978304;0.207209483;0.574602154
02/02/2016;0.621666667;-0.478097954;0.799256795;0.300507826
03/02/2016;1.894583333;-0.480217604;1.234915217;1.13988572
04/02/2016;1.21;-0.482337254;1.030434751;0.661902503
05/02/2016;0.582083333;-0.484456904;0.579843174;0.486697064
06/02/2016;-0.630833333;-0.486576555;-0.420887293;0.276630514
07/02/2016;-0.087916667;-0.488696205;0.468660019;-0.067880481
08/02/2016;-0.144166667;-0.490815855;1.622096219;-1.275447031
09/02/2016;0.2425;-0.492935505;1.376921308;-0.641485804
10/02/2016;0.840833333;-0.495055155;0.908101451;0.427787037
11/02/2016;0.00125;-0.497174805;0.496087149;0.002337656
12/02/2016;-0.182916667;-0.499294455;-0.606482709;0.922860497
13/02/2016;-0.29125;-0.501414105;-0.5573859;0.767550005
14/02/2016;-0.548333333;-0.503533755;-0.35217798;0.307378401
15/02/2016;0.247083333;-0.505653405;0.384002163;0.368734576
16/02/2016;0.010833333;-0.507773055;-0.015928806;0.534535195
17/02/2016;0.705;-0.509892705;0.406501336;0.808391369
18/02/2016;0.974583333;-0.512012355;0.230598145;1.255997543
19/02/2016;1.169166667;-0.514132005;-0.317943934;2.001242606
20/02/2016;0.853333333;-0.516251655;-0.216763792;1.586348781
21/02/2016;-1.28625;-0.518371305;-0.292111427;-0.475767267
22/02/2016;0.62125;-0.520490956;-0.294959063;1.436700018
23/02/2016;0.753333333;-0.522610606;0.225248857;1.050695082
24/02/2016;0.02;-0.524730256;-0.004821;0.549551256
25/02/2016;-0.118333333;-0.526849906;-0.438767627;0.8472842
26/02/2016;0.04125;-0.528969556;-0.603408699;1.173628255
27/02/2016;-0.622916667;-0.531089206;-1.173188659;1.081361198
28/02/2016;0.229583333;-0.533208856;-0.755607508;1.518399698
29/02/2016;0.717916667;-0.535328506;0.428362531;0.824882641
01/03/2016;-0.025;-0.537448156;0.274832571;0.237615585
02/03/2016;0.430833333;-0.539567806;-0.201475167;1.171876307
03/03/2016;1.739583333;-0.541687456;0.78902265;1.49224814
04/03/2016;0.610416667;-0.543807106;0.512437134;0.641786639
05/03/2016;-0.085416667;-0.545926756;0.687518285;-0.227008195
06/03/2016;-0.679166667;-0.548046406;2.237460547;-2.368580807
07/03/2016;0.025833333;-0.550166056;-0.517319414;1.093318804
08/03/2016;0.482083333;-0.552285707;0.167622848;0.866746192
09/03/2016;-0.320416667;-0.554405357;0.24631511;-0.01232642
10/03/2016;-0.639583333;-0.556525007;1.503201816;-1.586260143
11/03/2016;0.045;-0.558644657;0.740782967;-0.13713831
12/03/2016;-0.75875;-0.560764307;-1.008302549;0.810316856
13/03/2016;-0.1525;-0.562883957;0.171639713;0.238744244
14/03/2016;0.244583333;-0.565003607;-0.046751359;0.856338299
15/03/2016;-0.656666667;-0.567123257;-0.650281319;0.560737909
16/03/2016;-0.35375;-0.564447596;-0.914419657;1.125117253
17/03/2016;-0.748333333;-0.561771935;-1.483557995;1.296996597
18/03/2016;-0.34625;-0.559096274;1.029803667;-0.816957393
19/03/2016;-0.8375;-0.556420614;-0.386279115;0.105199729
20/03/2016;-0.91875;-0.553744953;0.443471436;-0.808476483
21/03/2016;0.585833333;-0.551069292;-0.859000235;1.99590286
22/03/2016;0.655;-0.548393631;-0.822027462;2.025421093
23/03/2016;0.072083333;-0.54571797;0.648973089;-0.031171785
24/03/2016;0.990833333;-0.543042309;-0.564470804;2.098346447
25/03/2016;-0.019166667;-0.540366648;-0.452359142;0.973559124
26/03/2016;-0.89625;-0.537690988;1.837632955;-2.196191967
27/03/2016;-0.954782609;-0.535015327;0.146453554;-0.566220836
28/03/2016;0.0175;-0.532339666;-0.180746378;0.730586044
29/03/2016;-0.391666667;-0.529664005;-0.248079161;0.386076499
30/03/2016;-0.0725;-0.526988344;0.629726946;-0.175238602
31/03/2016;0.653333333;-0.524312683;-0.616078059;1.793724075
01/04/2016;-0.129583333;-0.521637022;0.340408187;0.051645502
02/04/2016;-0.535416667;-0.518961362;-0.423910012;0.407454707
03/04/2016;-0.420416667;-0.516285701;-0.001008767;0.096877801
04/04/2016;-0.391666667;-0.51361004;2.700397618;-2.578454245
05/04/2016;-0.255416667;-0.510934379;2.231643107;-1.976125395
06/04/2016;-0.860416667;-0.508258718;2.039248874;-2.391406823
07/04/2016;-0.713333333;-0.505583057;0.386152141;-0.593902417
08/04/2016;-0.400833333;-0.502907396;-1.08266598;1.184740043
09/04/2016;0.499583333;-0.500231736;0.223354926;0.776460143
10/04/2016;-0.79125;-0.497556075;-0.797649724;0.503955799
11/04/2016;-0.834583333;-0.494880414;-1.083717707;0.744014787
12/04/2016;-0.7175;-0.492204753;-1.067676523;0.842381276
13/04/2016;0.209166667;-0.489529092;-0.122207422;0.820903181
14/04/2016;-1.800416667;-0.486853431;-1.124696239;-0.188866997
15/04/2016;-1.025833333;-0.48417777;0.013697584;-0.555353147
16/04/2016;-2.279166667;-0.48150211;-0.804979565;-0.992684992
17/04/2016;-3.534166667;-0.478826449;-1.51144852;-1.543891698
18/04/2016;-1.33875;-0.476150788;-2.395629281;1.533030069
19/04/2016;-2.105;-0.473475127;-1.171734347;-0.459790526
20/04/2016;-0.412083333;-0.470799466;-1.811530291;1.870246424
21/04/2016;-4.972916667;-0.468123805;-2.023040957;-2.481751905
22/04/2016;-2.32;-0.465448144;-1.804363289;-0.050188566
23/04/2016;-1.4125;-0.462772484;-1.635086733;0.685359217
24/04/2016;-0.563333333;-0.460096823;-1.273338371;1.170101861
25/04/2016;0.136666667;-0.457421162;-0.401138204;0.995226032
26/04/2016;-0.794166667;-0.454745501;-0.27021137;-0.069209796
27/04/2016;-0.624583333;-0.45206984;-1.601308563;1.42879507
28/04/2016;-2.444583333;-0.449394179;-1.406952424;-0.58823673
29/04/2016;-2.640416667;-0.446718518;-1.446150173;-0.747547975
30/04/2016;-1.170833333;-0.444042858;-0.368232089;-0.358558387
01/05/2016;-0.767083333;-0.441367197;-0.332677999;0.006961862
02/05/2016;-0.10625;-0.438691536;0.441417879;-0.108976343
03/05/2016;0.710416667;-0.436015875;1.185722089;-0.039289547
04/05/2016;-0.3625;-0.433340214;1.105442966;-1.034602752
05/05/2016;-2.205833333;-0.430664553;-0.590252823;-1.184915957
06/05/2016;-3.44875;-0.427988892;-1.72449028;-1.296270828
07/05/2016;-4.765416667;-0.425313232;-2.203936069;-2.136167366
08/05/2016;-3.878333333;-0.422637571;-2.225048525;-1.230647237
09/05/2016;-3.029583333;-0.41996191;-0.784910982;-1.824710442
10/05/2016;-2.554166667;-0.414506049;-1.020108732;-1.119551886
11/05/2016;-3.3125;-0.409050188;-1.304264815;-1.599184997
12/05/2016;-0.7425;-0.403594327;1.378454101;-1.717359774
13/05/2016;-1.160416667;-0.398138466;0.476589684;-1.238867885
14/05/2016;-2.105;-0.392682605;-1.072149733;-0.640167662
15/05/2016;-1.98125;-0.387226744;-1.402347483;-0.191675773
16/05/2016;-5.075;-0.381770883;-2.6554619;-2.037767217
17/05/2016;-4.670416667;-0.376315022;-2.465867984;-1.828233661
18/05/2016;-5.105;-0.370859161;-1.808149068;-2.925991772
19/05/2016;-0.085416667;-0.3654033;0.241444849;0.038541784
20/05/2016;-0.938333333;-0.359947439;0.285830432;-0.864216326
21/05/2016;-2.760833333;-0.354491578;-1.537908985;-0.86843277
22/05/2016;-4.87375;-0.349035717;-2.974565069;-1.550149215
23/05/2016;-0.9425;-0.343579856;-1.257262819;0.658342675
24/05/2016;0.035833333;-0.338123995;-0.541002236;0.914959564
25/05/2016;-2.937916667;-0.332668134;-0.970991653;-1.63425688
26/05/2016;-8.987916667;-0.327212273;-2.909522737;-5.751181657
27/05/2016;-7.11625;-0.321756412;-3.918470487;-2.876023101
28/05/2016;-4.580833333;-0.316300551;-1.045543237;-3.218989546
29/05/2016;-5.57;-0.31084469;-3.525949321;-1.73320599
30/05/2016;-5.845416667;-0.305388829;-3.564480405;-1.975547434
31/05/2016;-8.152083333;-0.299932967;-4.714469822;-3.137680544
01/06/2016;-5.715;-0.294477106;-3.394459238;-2.026063655
02/06/2016;-5.9925;-0.289021245;-3.000906989;-2.702571766
03/06/2016;-7.158333333;-0.283565384;-3.659229739;-3.21553821
04/06/2016;-9.565416667;-0.278109523;-5.822135823;-3.465171321
05/06/2016;-10.28583333;-0.272653662;-5.618583573;-4.394596098
06/06/2016;-4.777083333;-0.267197801;-2.641489657;-1.868395875
07/06/2016;-6.006666667;-0.26174194;-3.35314574;-2.391778986
08/06/2016;-7.188333333;-0.256286079;-3.903760157;-3.028287097
09/06/2016;-9.455416667;-0.250830218;-5.169999574;-4.034586874
10/06/2016;-10.66208333;-0.245374357;-5.341238991;-5.075469985
11/06/2016;-6.417083333;-0.239918496;-1.575603408;-4.601561429
12/06/2016;-5.600833333;-0.234462635;-0.458717825;-4.907652873
13/06/2016;-2.737083333;-0.229006774;-1.697873909;-0.81020265
14/06/2016;-1.78625;-0.223550913;-1.65022326;0.087524173
15/06/2016;-2.7575;-0.218095052;-2.347155945;-0.192249003
16/06/2016;-1.552083333;-0.212639191;-1.527213629;0.187769487
17/06/2016;-0.934166667;-0.20718333;-1.246854647;0.519871311
18/06/2016;-8.552083333;-0.201727469;-5.392953998;-2.957401866
19/06/2016;-7.31625;-0.196271608;-4.701970016;-2.418008376
20/06/2016;-2.592083333;-0.190815747;-1.738069368;-0.663198219
21/06/2016;-1.253333333;-0.185359886;-0.265210385;-0.802763062
22/06/2016;-0.52375;-0.179904025;-0.46339307;0.119547095
23/06/2016;-1.221666667;-0.174448164;-0.401784088;-0.645434415
24/06/2016;-0.0575;-0.168992303;0.418783227;-0.307290924
25/06/2016;-0.495416667;-0.163536442;0.153100543;-0.484980767
26/06/2016;-5.284166667;-0.158080581;-2.893832142;-2.232253944
27/06/2016;-0.4075;-0.15262472;-0.373681493;0.118806213
28/06/2016;0.37375;-0.147168859;0.089177489;0.43174137
29/06/2016;-0.323333333;-0.141712998;-0.101505196;-0.08011514
30/06/2016;0.042083333;-0.136257137;0.729478787;-0.551138316
01/07/2016;-0.352083333;-0.130801276;0.396296102;-0.617578159
02/07/2016;-0.174583333;-0.125345415;-0.115219916;0.065981998
03/07/2016;-0.442916667;-0.119889554;-0.184860934;-0.138166179
04/07/2016;-0.372083333;-0.113866458;1.434224955;-1.69244183
05/07/2016;-0.36875;-0.107843362;2.37747751;-2.638384148
06/07/2016;-0.52;-0.101820265;1.918021732;-2.336201466
07/07/2016;-1.332916667;-0.095797169;0.90523262;-2.142352117
08/07/2016;-1.211666667;-0.089774073;0.183485175;-1.305377769
09/07/2016;-0.676666667;-0.083750977;-0.865345603;0.272429913
10/07/2016;-1.4425;-0.077727881;-1.204384714;-0.160387405
11/07/2016;-0.46875;-0.071704785;0.280742841;-0.677788056
12/07/2016;3.676666667;-0.065681689;2.801287063;0.941061293
13/07/2016;0.090416667;-0.059658592;2.758706284;-2.608631025
14/07/2016;1.009166667;-0.053635496;1.45820884;-0.395406677
15/07/2016;-0.115833333;-0.0476124;1.219794728;-1.288015661
16/07/2016;-1.533333333;-0.041589304;-1.005494383;-0.486249646
17/07/2016;-1.472916667;-0.035566208;-1.072866828;-0.364483631
18/07/2016;-0.850416667;-0.029543112;0.961010727;-1.781884282
19/07/2016;-0.1575;-0.023520016;2.209888282;-2.343868267
20/07/2016;0.339583333;-0.01749692;2.783349171;-2.426268918
21/07/2016;-0.11875;-0.011473823;0.485351726;-0.592627902
22/07/2016;-0.147916667;-0.005450727;-0.495979052;0.353513113
23/07/2016;-2.16;0.000572369;-1.406268164;-0.754304205
24/07/2016;-1.5725;0.006595465;-1.328848942;-0.250246523
25/07/2016;-0.66125;0.012618561;1.31482028;-1.988688841
26/07/2016;-0.557083333;0.018641657;1.905781168;-2.481506159
27/07/2016;-0.179583333;0.024664753;1.06945039;-1.273698477
28/07/2016;-0.834166667;0.03068785;0.461036279;-1.325890795
29/07/2016;-1.598333333;0.036710946;-1.054669499;-0.58037478
30/07/2016;-2.838333333;0.042734042;-2.073916944;-0.807150431
31/07/2016;-2.401666667;0.048757138;-1.732122722;-0.718301082
01/08/2016;-1.077916667;0.054780234;-1.042203501;-0.0904934
02/08/2016;-0.654583333;0.06080333;-0.544575945;-0.170810718
03/08/2016;-1.14625;0.066826426;-1.433615057;0.220538631
04/08/2016;-1.256666667;0.072849523;-0.908279168;-0.421237021
05/08/2016;-1.161666667;0.078872619;-1.038776613;-0.201762672
06/08/2016;-1.4075;0.084895715;-1.458440725;-0.03395499
07/08/2016;-1.062083333;0.090918811;-1.386021503;0.233019359
08/08/2016;-1.305833333;0.096941907;-1.313839604;-0.088935636
09/08/2016;-1.539166667;0.102965003;-1.808741038;0.166609369
10/08/2016;-2.16125;0.108988099;-2.15280914;-0.11742896
11/08/2016;-1.998333333;0.115011196;-2.055627241;-0.057717288
12/08/2016;-1.58625;0.121034292;-1.511570342;-0.19571395
13/08/2016;-1.502916667;0.127057388;-1.49855511;-0.131418945
14/08/2016;-1.891666667;0.133080484;-1.736581544;-0.288165607
15/08/2016;-0.108333333;0.13910358;-1.173149645;0.925712732
16/08/2016;-0.405416667;0.145126676;-1.81992608;1.269382737
17/08/2016;-0.720833333;0.151149772;-2.362327514;1.490344408
18/08/2016;-2.280416667;0.157172869;-3.795562282;1.357972747
19/08/2016;-2.270416667;0.163195965;-3.551297049;1.117684418
20/08/2016;-3.124166667;0.169219061;-5.220156817;1.92677109
21/08/2016;-2.254583333;0.175242157;-2.804224918;0.374399428
22/08/2016;-1.620416667;0.181265253;-2.042876353;0.241194433
23/08/2016;0.34375;0.187288349;-0.583611121;0.740072771
24/08/2016;0.21125;0.193311445;-0.999970888;1.017909443
25/08/2016;-0.687083333;0.199334541;-2.195288989;1.308871115
26/08/2016;-1.160833333;0.205357638;-2.168523757;0.802332786
27/08/2016;-1.484166667;0.211380734;-1.792383525;0.096836125
28/08/2016;-1.630416667;0.215769693;-1.483039216;-0.363147143
29/08/2016;0.025416667;0.220158652;-0.472653241;0.277911256
30/08/2016;-0.421666667;0.224547611;-0.2074756;-0.438738678
31/08/2016;-1.1325;0.22893657;-0.070839624;-1.290596945
01/09/2016;-0.344166667;0.233325529;-0.124620316;-0.45287188
02/09/2016;0.184583333;0.237714488;-0.112151007;0.059019853
03/09/2016;-1.071666667;0.242103447;-0.775723366;-0.538046748
04/09/2016;-1.434166667;0.246492406;-1.533254057;-0.147405015
05/09/2016;0.11625;0.250881365;-0.275784749;0.141153384
06/09/2016;1.969583333;0.255270324;0.718142893;0.996170116
07/09/2016;1.884166667;0.259659283;0.385612202;1.238895182
08/09/2016;0.13875;0.264048242;-0.30066849;0.175370248
09/09/2016;0.053333333;0.268437201;-0.236532515;0.021428647
10/09/2016;-1.555;0.27282616;-1.37427154;-0.45355462
11/09/2016;-1.7875;0.277215119;-1.545552231;-0.519162888
12/09/2016;-1.055416667;0.281604078;-0.440791256;-0.896229489
13/09/2016;-1.5;0.285993037;-0.468946948;-1.31704609
14/09/2016;-1.418333333;0.290381996;-0.649810972;-1.058904357
15/09/2016;-1.178333333;0.294770955;0.083075003;-1.556179291
16/09/2016;-0.646666667;0.299159914;-0.251539022;-0.694287559
17/09/2016;-2.339583333;0.303548873;-1.881569714;-0.761562493
18/09/2016;-0.635416667;0.307937832;-0.959100405;0.015745906
19/09/2016;0.014583333;0.312326791;0.29628557;-0.594029028
20/09/2016;0.4775;0.31671575;-0.474161788;0.634946038
21/09/2016;0.136666667;0.321104709;-0.345007697;0.160569654
22/09/2016;0.329583333;0.325493668;0.331193495;-0.32710383
23/09/2016;0.154166667;0.329882627;-0.477587196;0.301871235
24/09/2016;0.142083333;0.334271586;-0.342826221;0.150637968
25/09/2016;-2.16875;0.338660545;-1.910356912;-0.597053633
26/09/2016;0.106666667;0.343049504;-0.870804271;0.634421433
27/09/2016;0.150416667;0.347438463;-0.317084962;0.120063165
28/09/2016;0.645;0.351827422;0.016426013;0.276746565
29/09/2016;0.12625;0.356216381;-0.328604679;0.098638297
30/09/2016;0.803333333;0.36060534;0.482197963;-0.03946997
01/10/2016;-0.047083333;0.364994299;-0.095332728;-0.316744905
02/10/2016;-0.048333333;0.369383258;-0.8221974;0.404480808
03/10/2016;1.35375;0.373772218;-0.163437072;1.143414855
04/10/2016;0.21875;0.378161177;-0.522176744;0.362765568
05/10/2016;0.435833333;0.382550136;0.226583584;-0.173300386
06/10/2016;-0.20875;0.386939095;-0.175697755;-0.41999134
07/10/2016;4.39375;0.391328054;1.72597924;2.276442707
08/10/2016;0.01;0.395717013;-0.408593766;0.022876753
09/10/2016;0.43375;0.400105972;-0.563375104;0.597019133
10/10/2016;4.58875;0.404494931;1.341635224;2.842619846
11/10/2016;8.950416667;0.40888389;3.068103885;5.473428892
12/10/2016;7.790833333;0.413272849;3.63665588;3.740904605
13/10/2016;7.83125;0.417661808;4.084166208;3.329421985
14/10/2016;7.824583333;0.422050767;4.054801536;3.347731031
15/10/2016;0.274583333;0.426439726;-0.09914647;-0.052709923
16/10/2016;-0.466666667;0.430828685;-1.249344475;0.351849124
17/10/2016;2.708333333;0.435217644;0.344207519;1.92890817
18/10/2016;6.55875;0.439606603;2.813176181;3.305967216
19/10/2016;8.038333333;0.443995562;3.753394842;3.840942929
20/10/2016;10.21166667;0.448384521;4.741738503;5.021543642
21/10/2016;6.628333333;0.45277348;3.892790498;2.282769355
22/10/2016;0.040416667;0.457390645;0.833123673;-1.250097651
23/10/2016;0;0.46200781;-1.039668153;0.577660343
24/10/2016;4.595416667;0.466624975;1.307373355;2.821418337
25/10/2016;7.386666667;0.47124214;3.180789863;3.734634664
26/10/2016;4.000416667;0.475859305;1.815289705;1.709267657
27/10/2016;5.115833333;0.48047647;3.025414546;1.609942318
28/10/2016;2.865416667;0.485093635;1.520956054;0.859366978
29/10/2016;-0.4525;0.489710799;-0.681419105;-0.260791695
30/10/2016;-1.302;0.494327964;-1.406669263;-0.389658701
31/10/2016;-1.086666667;0.498945129;-1.216377755;-0.369234041
01/11/2016;-0.225416667;0.503562294;-0.162919581;-0.56605938
02/11/2016;4.0425;0.508179459;1.626580261;1.90774028
03/11/2016;3.438333333;0.512796624;1.551288435;1.374248274
04/11/2016;4.134166667;0.517413789;2.148913277;1.467839601
05/11/2016;2.409166667;0.522030954;1.320288118;0.566847594
06/11/2016;1.615416667;0.526648119;0.339579626;0.749188922
07/11/2016;9.81375;0.531265284;3.776162801;5.506321915
08/11/2016;6.725;0.535882449;3.489204309;2.699913242
09/11/2016;8;0.540499614;4.827037483;2.632462903
10/11/2016;8.262083333;0.545116779;4.910495658;2.806470896
11/11/2016;4.96125;0.549733944;3.420828833;0.990687223
12/11/2016;2.097916667;0.554351109;2.229912007;-0.686346449
13/11/2016;-0.275;0.558968274;-0.307463151;-0.526505122
14/11/2016;6.599583333;0.563585439;2.652245023;3.383752871
15/11/2016;3.90625;0.568202604;1.648203198;1.689844198
16/11/2016;0.491666667;0.572819769;1.166036373;-1.247189475
17/11/2016;0.570416667;0.577436934;2.829077881;-2.836098148
18/11/2016;1.142916667;0.582054099;0.641494389;-0.08063182
19/11/2016;-0.18875;0.586671263;3.210577563;-3.985998827
20/11/2016;-0.215833333;0.591288428;0.948410738;-1.7555325
21/11/2016;-0.1425;0.595905593;0.042910579;-0.781316173
22/11/2016;0.621666667;0.600522758;0.360743754;-0.339599846
23/11/2016;0.69125;0.605139923;0.347743595;-0.261633519
24/11/2016;0.027916667;0.609757088;1.462035103;-2.043875525
25/11/2016;-0.097916667;0.614374253;1.158409945;-1.870700864
26/11/2016;-0.295;0.618991418;0.929483375;-1.843474793
27/11/2016;-1.032916667;0.623608583;-0.366943194;-1.289582055
28/11/2016;0.237083333;0.628225748;-0.373578097;-0.017564318
29/11/2016;5.8075;0.632842913;2.801037;2.373620087
30/11/2016;11.71541667;0.637460078;5.933360431;5.144596158
01/12/2016;4.3825;0.642077243;2.520683861;1.219738896
02/12/2016;4.575833333;0.646694408;2.217173958;1.711964967
03/12/2016;-0.058333333;0.651311573;-0.171335945;-0.538308962
04/12/2016;-0.14;0.655928738;-0.227137514;-0.568791224
05/12/2016;0.672083333;0.660545903;-0.16523075;0.176768181
06/12/2016;1.092083333;0.665163068;0.132301014;0.294619252
07/12/2016;1.959583333;0.669780233;0.383374444;0.906428656
08/12/2016;-0.04;0.674397398;-0.008677125;-0.705720272
09/12/2016;0.484166667;0.679014562;1.898229639;-2.093077534
10/12/2016;0.285416667;0.683631727;1.836803069;-2.23501813
11/12/2016;-0.017916667;0.688248892;-0.095456834;-0.610708725
12/12/2016;3.13375;0.692866057;1.029158264;1.411725679
13/12/2016;3.834166667;0.697483222;2.251273361;0.885410084
14/12/2016;4.0875;0.702100387;2.736721791;0.648677821
15/12/2016;4.18;0.706717552;3.616753555;-0.143471107
16/12/2016;3.965416667;0.711542424;2.939815049;0.314059193
17/12/2016;2.141666667;0.716367296;1.407876543;0.017422827
18/12/2016;-0.23125;0.721192168;-0.371145296;-0.581296872
19/12/2016;2.941666667;0.72601704;1.016916198;1.198733429
20/12/2016;6.199583333;0.730841912;2.996227692;2.472513729
21/12/2016;1.602916667;0.735666784;1.588664186;-0.721414303
22/12/2016;0.63375;0.740491656;0.531517347;-0.638259002
23/12/2016;0.42125;0.745316528;-0.180004493;-0.144062035
24/12/2016;-0.12375;0.7501414;-0.801109665;-0.072781734
25/12/2016;-0.090833333;0.754966272;-0.814089838;-0.031709767
26/12/2016;-0.013333333;0.759791144;-0.451236677;-0.3218878
27/12/2016;0.748333333;0.764616015;-0.04796685;0.031684168
28/12/2016;1.96125;0.769440887;0.509677978;0.682131135
29/12/2016;4.54;0.774265759;1.770031138;1.995703102
30/12/2016;1.36375;0.779090631;-0.13815008;0.722809449
31/12/2016;-0.260833333;0.783915503;-1.4186591;0.373910263
01/01/2017;-0.4425;0.788740375;-1.116390342;-0.114850033
02/01/2017;-0.1275;0.793565247;-0.99842714;0.077361893
03/01/2017;1.465416667;0.798390119;0.017591618;0.649434929
04/01/2017;4.48125;0.803214991;0.940415932;2.737619077
05/01/2017;7.478333333;0.808039863;0.693795801;5.97649767
06/01/2017;6.225416667;0.812864735;1.741064559;3.671487373
07/01/2017;3.088333333;0.817689607;0.408055539;1.862588188
08/01/2017;0.129166667;0.822514479;-1.319953481;0.626605669
09/01/2017;5.026666667;0.827339351;1.356620833;2.842706483
10/01/2017;0.3925;0.832164223;0.577639591;-1.017303813
11/01/2017;0.708333333;0.836989095;1.315186126;-1.443841888
12/01/2017;1.620833333;0.841813967;1.374538218;-0.595518851
13/01/2017;10.4675;0.846638838;3.530973642;6.089887519
14/01/2017;3.6175;0.85146371;1.611159067;1.154877223
15/01/2017;1.496666667;0.856288582;0.039261158;0.601116926
16/01/2017;7.953333333;0.861113454;2.015279916;5.076939963
17/01/2017;13.56041667;0.865938326;5.147270896;7.547207444
18/01/2017;13.05125;0.870763198;4.464122988;7.716363814
19/01/2017;13.44541667;0.87558807;4.541669523;8.028159073
20/01/2017;14.61791667;0.880412942;5.381911279;8.355592445
21/01/2017;7.219166667;0.885237814;2.523125257;3.810803595
22/01/2017;5.822083333;0.890062686;1.109478124;3.822542523
23/01/2017;6.8975;0.894887558;1.256525436;4.746087006
24/01/2017;15.79041667;0.89971243;4.938433858;9.952270378
25/01/2017;18.73375;0.904537302;6.056175614;11.77303708
26/01/2017;15.235;0.909362174;4.674611815;9.651026012
27/01/2017;5.194583333;0.914187046;1.756936904;2.523459384
28/01/2017;0.615833333;0.919011918;0.361623104;-0.664801689
29/01/2017;-0.160416667;0.92383679;-0.896190695;-0.188062761
30/01/2017;-0.107083333;0.928661661;-0.531226717;-0.504518278
31/01/2017;0.958333333;0.933486533;0.207209483;-0.182362683
01/02/2017;2.125;0.938311405;0.799256795;0.3874318
02/02/2017;1.319166667;0.943136277;1.234915217;-0.858884828
03/02/2017;2.145833333;0.947961149;1.030434751;0.167437433
04/02/2017;0.682083333;0.952786021;0.579843174;-0.850545861
05/02/2017;0.694583333;0.957610893;-0.420887293;0.157859733
06/02/2017;2.875416667;0.962435765;0.468660019;1.444320883
07/02/2017;1.405833333;0.967260637;1.622096219;-1.183523523
08/02/2017;1.090416667;0.972085509;1.376921308;-1.258590151
09/02/2017;1.743333333;0.976613956;0.908101451;-0.141382073
10/02/2017;2.385;0.981142402;0.496087149;0.907770449
11/02/2017;0.287083333;0.985670849;-0.606482709;-0.092104807
12/02/2017;-0.217083333;0.990199296;-0.5573859;-0.649896729
13/02/2017;1.02625;0.994727743;-0.35217798;0.383700237
14/02/2017;2.052083333;0.999256189;0.384002163;0.668824981
15/02/2017;0.987083333;1.003784636;-0.015928806;-0.000772497
16/02/2017;0.685416667;1.008313083;0.406501336;-0.729397752
17/02/2017;1.637916667;1.012841529;0.230598145;0.394476992
18/02/2017;-0.58375;1.017369976;-0.317943934;-1.283176042
19/02/2017;-0.2775;1.021898423;-0.216763792;-1.082634631
20/02/2017;-0.049583333;1.026426869;-0.292111427;-0.783898775
21/02/2017;0.4125;1.030955316;-0.294959063;-0.323496253
22/02/2017;1.05375;1.035483763;0.225248857;-0.20698262
23/02/2017;0.665;1.04001221;-0.004821;-0.370191209
24/02/2017;0.603333333;1.044540656;-0.438767627;-0.002439696
25/02/2017;-0.689583333;1.049069103;-0.603408699;-1.135243738
26/02/2017;-0.950833333;1.05359755;-1.173188659;-0.831242224
27/02/2017;-0.613333333;1.058125996;-0.755607508;-0.915851821
28/02/2017;0.22375;1.062654443;0.428362531;-1.267266974
01/03/2017;0.747916667;1.06718289;0.274832571;-0.594098794
02/03/2017;0.167916667;1.071711337;-0.201475167;-0.702319503
03/03/2017;0.110833333;1.076239783;0.78902265;-1.7544291
04/03/2017;-0.339583333;1.08076823;0.512437134;-1.932788697
05/03/2017;-0.166666667;1.085296677;0.687518285;-1.939481628
06/03/2017;0.371666667;1.089825123;2.237460547;-2.955619003
07/03/2017;0.09;1.09435357;-0.517319414;-0.487034156
08/03/2017;1.6625;1.098882017;0.167622848;0.395995135
09/03/2017;1.28375;1.103410464;0.24631511;-0.065975573
10/03/2017;1.495;1.10793891;1.503201816;-1.116140726
11/03/2017;1.490416667;1.112467357;0.740782967;-0.362833657
12/03/2017;-0.532083333;1.116995804;-1.008302549;-0.640776588
13/03/2017;-0.588333333;1.12152425;0.171639713;-1.881497296
14/03/2017;-0.67375;1.126052697;-0.046751359;-1.753051338
15/03/2017;-0.696666667;1.130581144;-0.650281319;-1.176966491
16/03/2017;-0.596666667;1.13510959;-0.914419657;-0.8173566
17/03/2017;-1.772083333;1.139638037;-1.483557995;-1.428163376
18/03/2017;-0.260833333;1.144166484;1.029803667;-2.434803484
19/03/2017;-0.88375;1.148694931;-0.386279115;-1.646165816
20/03/2017;0.315;1.153223377;0.443471436;-1.281694813
21/03/2017;-1.35875;1.157751824;-0.859000235;-1.657501589
22/03/2017;-1.92;1.162280271;-0.822027462;-2.260252809
23/03/2017;-0.844583333;1.166808717;0.648973089;-2.66036514
24/03/2017;-2.190416667;1.171337164;-0.564470804;-2.797283026
25/03/2017;-2.132916667;1.175865611;-0.452359142;-2.856423135
26/03/2017;-0.642608696;1.180394058;1.837632955;-3.660635708
27/03/2017;-0.797083333;1.184922504;0.146453554;-2.128459391
28/03/2017;-1.579583333;1.189450951;-0.180746378;-2.588287906
29/03/2017;-1.423333333;1.193979398;-0.248079161;-2.36923357
30/03/2017;-0.470833333;1.198507844;0.629726946;-2.299068124
31/03/2017;-0.88875;1.203036291;-0.616078059;-1.475708233
01/04/2017;-1.082709583;1.207564738;0.340408187;-2.630682508
02/04/2017;-0.352415833;1.212093185;-0.423910012;-1.140599006
03/04/2017;-0.347130417;1.216621631;-0.001008767;-1.562743281
04/04/2017;-0.57174625;1.221150078;2.700397618;-4.493293946
05/04/2017;-0.525737917;1.225136159;2.231643107;-3.982517182
06/04/2017;-0.55189875;1.229122239;2.039248874;-3.820269863
07/04/2017;-0.705167083;1.23310832;0.386152141;-2.324427545
08/04/2017;-1.018099583;1.2370944;-1.08266598;-1.172528003
09/04/2017;-0.329431667;1.241080481;0.223354926;-1.793867073
10/04/2017;-0.640590417;1.245066562;-0.797649724;-1.088007254
11/04/2017;-0.861939167;1.249052642;-1.083717707;-1.027274102
12/04/2017;-1.20279375;1.253038723;-1.067676523;-1.38815595
13/04/2017;-0.512447917;1.257024803;-0.122207422;-1.647265298
14/04/2017;-1.010975833;1.261010884;-1.124696239;-1.147290479
15/04/2017;-0.335605833;1.264996965;0.013697584;-1.614300382
16/04/2017;-0.019782083;1.268983045;-0.804979565;-0.483785563
17/04/2017;-0.174417083;1.272969126;-1.51144852;0.064062311
18/04/2017;-1.455104167;1.276955206;-2.395629281;-0.336430092
19/04/2017;-1.775730833;1.280941287;-1.171734347;-1.884937773
20/04/2017;-1.805950417;1.284927368;-1.811530291;-1.279347493
21/04/2017;-0.6946475;1.288913448;-2.023040957;0.039480009
22/04/2017;-0.622362917;1.292899529;-1.804363289;-0.110899156
23/04/2017;-1.808698333;1.296885609;-1.635086733;-1.47049721
24/04/2017;-1.690118333;1.30087169;-1.273338371;-1.717651652
25/04/2017;-1.944349583;1.304857771;-0.401138204;-2.84806915
26/04/2017;-1.286984167;1.308843851;-0.27021137;-2.325616648
27/04/2017;-0.8136075;1.312829932;-1.601308563;-0.525128869
28/04/2017;-0.398870833;1.316816013;-1.406952424;-0.308734422
29/04/2017;-0.826879167;1.320802093;-1.446150173;-0.701531087
30/04/2017;-0.42729;1.324788174;-0.368232089;-1.383846085
